"ISO3","GDP_USD_Mean","Population_Mean","Health_Exp_Percent_Mean","Polity_Score_Mean","Inactivity_Adolescents_Mean","GDP_per_Capita_Mean","Health_Exp_USD_Mean","Log_Pop_Mean","Log_GDP_Cap_Mean","Is_Host_2024"
"ABW",3084102485.01206,108078.727272727,NA,NA,NA,28524.8296290905,NA,11.5905911883981,10.2532189190666,0
"AFE",1022865405421.22,677675316.181818,5.91101111483723,NA,NA,1508.33785379903,88.6575236278763,20.3306646725671,7.31669215577341,0
"AFG",17921944927.3079,37760316.3636364,14.8048462333333,-1,88.0366666666667,486.441870932546,69.6338226463634,17.4433266203393,6.17187359622191,0
"AFW",792815307249.887,463641734.363636,3.77502555312369,NA,NA,1720.97268250265,67.259288340474,19.9515811932106,7.44264060775505,0
"AGO",80722017162.2442,32423964.3636364,2.76799477555556,-2,NA,2539.15199206816,70.6255645038827,17.2888870790763,7.78665261814184,0
"ALB",16726697855.6936,2829793.18181818,6.75930431,9,74.04,5946.32601774016,352.40449635675,14.855510372653,8.64940006983415,0
"AND",3250280148.62246,76521.2727272727,7.49504981,NA,NA,42383.8143365283,3123.21175655439,11.2444164831573,10.6515522250618,0
"ARB",3017980295248.45,445384816.909091,5.01010236007803,NA,NA,6754.17475193828,327.929423153371,19.9124163172101,8.81278874150758,0
"ARE",427980465959.527,9447943.81818182,4.35679745555556,-8,82,45215.9936212848,1916.84141821425,16.0579061364519,10.7149504481908,0
"ARG",552658262100.319,44678667.9090909,10.0874038266667,8.8,84.8366666666667,12373.5449047843,1209.55962577892,17.6148230634279,9.41084925300661,0
"ARM",15110920568.2679,2982945.45454545,10.7245744066667,5.4,77.85,5063.9035504998,466.297873509617,14.9083907018949,8.47965301494282,0
"ASM",691888888.888889,50264.1818181818,NA,NA,NA,13626.8701905163,NA,10.8241809965178,9.51126865992775,0
"ATG",1667232659.93266,91365.8181818182,5.20658646777778,NA,79.38,18213.2608315867,894.897446639247,11.422482212135,9.80084583758675,0
"AUS",1475342993144.41,25234536.8181818,10.1641939988889,10,88.89,58352.8845753614,5784.11184060279,17.0427564096333,10.9702722483656,0
"AUT",449295226647.259,8878953.18181818,10.781202793,10,77.8666666666667,50540.3705172109,5391.4690634532,15.9989734570774,10.8274318217431,0
"AZE",56855144152.8865,9953614,4.32834225333333,-7,NA,5708.19905100818,228.348355573461,16.113208976276,8.61735558205782,0
"BDI",2725230440.0142,12304473.6363636,7.99642139,0.4,NA,223.578383747763,18.5610674934227,16.3217802280735,5.39865836739584,0
"BEL",553148064118.328,11506831.1818182,10.8549510111111,8,83.4966666666667,48001.3429467627,5034.71142477954,16.2582973228769,10.7742693006231,0
"BEN",15436837287.781,12732295.8181818,2.69464704777778,7,76.2466666666667,1201.79266815879,30.9226020442347,16.3559929474152,7.08410792467722,0
"BFA",16768722912.6617,20926725.3636364,5.80785920888889,4.8,NA,794.276440262936,44.5869020817544,16.8532976051952,6.66936786786631,0
"BGD",339772920633.999,165195770.363636,2.32314398666667,-0.4,66.5166666666667,2042.44335477642,44.8196096703147,18.9222243219119,7.58295945366597,0
"BGR",74173841060.1917,6681544,7.69131687111111,9,73.49,11194.612977184,772.986117823174,15.7143391840036,9.28244990228928,0
"BHR",39587736943.9072,1478505.81818182,4.43317339222222,-10,81.07,26695.8449046113,1147.46694879956,14.2051032235116,10.1885194079347,0
"BHS",12800163636.3636,393097.545454545,6.33859655777778,NA,84.4,32529.3015074129,1970.16094769306,12.8817075933347,10.3834752588956,0
"BIH",21431110253.4624,3346906.54545455,9.14994918,NA,NA,6455.79795691609,542.463226883816,15.0227635634932,8.74954159272533,0
"BLR",65038110319.2225,9356283.63636364,6.01584397444444,-7,NA,6961.10272042527,404.223804821491,16.051477846141,8.8357628989847,0
"BLZ",2492007575.35553,384207.909090909,4.80422899333333,NA,80.39,6456.9988456346,293.187178301329,12.8574332239484,8.76519270192866,0
"BMU",7397402000,64097.3636363636,NA,NA,NA,115345.595806334,NA,11.068125925105,11.6513066428725,0
"BOL",39497914412.5773,11641476.4545455,7.09733051666667,7,85.46,3381.8594074337,233.586742699377,16.2692073282655,8.12209677390768,0
"BRA",1943355356010.42,206809253.727273,9.26975059444444,8,83.6533333333333,9404.04083915812,848.648177832372,19.1471380620425,9.13940119708589,0
"BRB",5773360345.45455,280908.272727273,6.81469472222222,NA,81.8633333333333,20546.1987820614,1334.71428175899,12.545771210121,9.92518392086903,0
"BRN",13985883988.2253,441450.272727273,2.24183328777778,NA,87.13,31685.149537727,694.110021524672,12.9972681565293,10.3557952774084,0
"BTN",2568866635.95074,764073.818181818,3.468977,5.4,84.0366666666667,3368.12405810135,115.233515682694,13.546139907382,8.11784220561809,0
"BWA",16980918910.3455,2337879.45454545,6.07787100666667,8,87.4666666666667,7243.55740280702,433.016822855849,14.6636599469398,8.88397275727496,0
"CAF",2223923841.1521,4936628.54545455,7.61770809888889,3.6,NA,448.617941860965,33.9048421157583,15.411198878482,6.10111608046128,0
"CAN",1844694628805.14,37732916,11.29524889,10,76.3933333333333,48734.0927448771,5441.39692101171,17.4449787184859,10.7892267431035,0
"CEB",1744674674775.33,101536077.363636,6.81230168573947,NA,NA,17222.212234959,1082.03369904102,18.4358565436182,9.73154882186249,0
"CHE",769772436786.645,8584348,11.4096115955556,10,85.6333333333333,89503.3576267819,9898.82571098316,15.9650425323538,11.3989341888422,0
"CHI",10344945543.0391,165543.454545455,NA,NA,NA,62557.5558498359,NA,12.0169343838824,11.0398184710112,0
"CHL",285275686650.619,18966585.8181818,9.182278013,10,87.58,15013.885977366,1367.64614344188,16.7575970831208,9.61318288536203,0
"CHN",14835081973686.2,1400140909.09091,5.18072620888889,-7,84.3466666666667,10578.121842911,522.307184250844,21.0597909489737,9.24753389529045,0
"CIV",62489570256.9593,28200342.4545455,3.42527325888889,4,NA,2194.47853163913,72.1016901898635,17.1514010291433,7.68592741584049,0
"CMR",40806502889.6053,25543096.8181818,4.0653913,-5,NA,1590.92845544014,63.3132475424706,17.0520775954741,7.36979271995431,0
"COD",50538905307.1009,93279596.9090909,3.76264574777778,0.2,NA,534.464841025314,19.1490922114045,18.345633012621,6.27109085465442,0
"COG",14092991239.1524,5631155.54545455,2.57730531777778,-4,NA,2510.8183933679,63.1963349651444,15.54092018661,7.81693720078161,0
"COL",331444497911.474,49709094.3636364,7.83210392,7,83.9633333333333,6665.65364081316,509.902711146137,17.7207831485994,8.7980096349612,0
"COM",1215456187.79284,787845.727272727,5.61780399777778,6.6,NA,1537.23339599513,84.3810868749635,13.5751268114826,7.33433963102138,0
"CPV",2138437265.9977,515996.636363636,5.35730770111111,10,NA,4140.60058807765,211.117276686359,13.1538226937897,8.32040235283371,0
"CRI",66646141508.4043,4975837.36363636,7.41619645111111,10,82.1066666666667,13354.2284638002,916.859024908172,15.4198318198764,9.48747817604077,0
"CSS",66389752354.3816,4423067.72727273,5.97091969417823,NA,NA,14986.4122421555,838.718286785013,15.3021719048267,9.60409945557564,0
"CUB",95262770521.6519,11169300.0909091,12.0898823222222,-6.6,NA,8477.82515245623,1005.90614211912,16.2286366658848,9.04061329829294,0
"CUW",2987932066.33252,156319.727272727,NA,NA,NA,19110.6579697808,NA,11.9594762204488,9.85587403367616,0
"CYM",5627435649.7426,67325.7272727273,NA,NA,NA,84092.945692561,NA,11.1150576017278,11.3364934085115,0
"CYP",26923832138.9612,1284025.63636364,7.55532174555556,10,NA,20858.791846016,1508.7723308653,14.0647600194507,9.93419852707143,0
"CZE",260062421450.078,10650538.9090909,8.068452121,9,77.4566666666667,24377.7355259982,1931.29052052839,16.1810570700764,10.0833166063682,0
"DEU",4030648326507.15,82840121.1818182,11.796855068,10,83.68,48630.9650754977,5664.53978425016,18.2323707611651,10.788471999791,0
"DJI",3101653061.92393,1087392.09090909,2.68310772,3,85.3,2833.9484058204,71.8819831751463,13.8981239919709,7.94013028148234,0
"DMA",606101346.801347,68114.0909090909,5.68035470111111,NA,84.0766666666667,8908.5519148046,490.430415191015,11.1287268987654,9.09095004955631,0
"DNK",363780264610.743,5813011.27272727,10.161279296,10,84.4233333333333,62497.8548080002,6248.64347236514,15.5754604239196,11.0382405339619,0
"DOM",90759919608.6895,10887823.4545455,4.59839328111111,7.4,NA,8291.74524386212,355.514359297485,16.2026246557008,9.007605129972,0
"DZA",206644039514.175,43165751.5454545,5.54673075666667,2,83.8133333333333,4787.81192987002,256.972190164909,17.5789728471425,8.46491739059322,0
"EAP",17674939867546.4,2102798048.54545,4.95630162835313,NA,NA,8383.30799039755,397.656148534157,21.4664100960974,9.01811985177136,0
"EAR",12369517323968.1,3352371032.27273,4.89630769180433,NA,NA,3676.21209829179,171.755907306965,21.9322124387502,8.20326548775039,0
"EAS",27225091207750.7,2349110720.81818,6.62825238318253,NA,NA,11570.3858505057,743.437316220707,21.5771972550183,9.34879705829506,0
"ECA",1693960728156.97,246731283.727273,4.98765648582935,NA,NA,6860.33578912051,316.645938448612,19.3236401939263,8.81996313423454,0
"ECS",23942276376127.7,918856456.727273,9.59249829672699,NA,NA,26041.9344711003,2403.83929066664,20.6386044271338,10.1620394760778,0
"ECU",107467441972.727,17193050.1818182,7.74281946888889,5,86.51,6245.0003014874,472.810233821139,16.6592131811326,8.73768216332652,0
"EGY",351568839708.71,107242391.454545,4.78590075111111,-4,87.4633333333333,3265.53054573849,154.078407958525,18.4890684622268,8.07865135398883,0
"EMU",13887505448020.8,346456925.363636,10.4922788365117,NA,NA,40060.9804027976,4073.1868692674,19.6632389903172,10.5940347054465,0
"ESP",1411516535684.49,47232483,9.44650607777778,10,76.7833333333333,29847.8011727583,2724.87672095361,17.6704590295648,10.2999535695038,0
"EST",32450178462.1335,1333051.54545455,6.87288697555556,9,84.0066666666667,24282.1393310952,1580.38042247475,14.1028666346916,10.0807968269142,0
"ETH",89127037615.9588,116087357.090909,3.44426290111111,-2.2,NA,779.741358253473,26.4371452848319,18.5662735041425,6.64235707258858,0
"EUU",16200769618641.6,446396833.909091,10.1916731792546,NA,NA,36278.0227132622,3567.15870020785,19.9167077657449,10.4938274731196,0
"FCS",1752575692661.23,974196353.454545,4.66702481155335,NA,NA,1805.87928189437,85.5546537094214,20.6947981842614,7.49330280753574,0
"FIN",270860014737.732,5529952.90909091,9.47484684,10,75.6366666666667,48960.1214606523,4556.40764383587,15.5256537473157,10.7961466073884,0
"FJI",5076246550.17725,919108.363636364,4.148711539,2,83.34,5521.86658444953,222.941009805034,13.7311504007299,8.61234031975548,0
"FRA",2771994362432.77,67395999.4545455,11.5980539322222,10,86.94,41109.7738974694,4659.77899621323,18.0260424943831,10.6214291670201,1
"FRO",3214681102.58938,51701.7272727273,NA,NA,NA,62356.7250861702,NA,10.8523717926657,11.0369644816475,0
"FSM",381960410.477077,110573,12.0146624255556,NA,NA,3449.29866947255,396.566843789592,11.6133322499685,8.13959966464317,0
"GAB",17402979688.3656,2264578.81818182,2.84124324111111,3,NA,7672.66637409739,213.641280263429,14.6298567429872,8.94026169024421,0
"GBR",3004769227888.89,66659181.8181818,10.470461082,8.8,79.9533333333333,45033.5640721728,4641.66811738132,18.014906806139,10.7118490897163,0
"GEO",20459172377.0959,3716370,7.48265865111111,7,NA,5510.55384031447,358.13549168109,15.1282500342741,8.57502485115384,0
"GHA",67551890877.1338,31251840,3.59055532555556,8,87.4366666666667,2149.05991103299,74.914755331241,17.2555097903738,7.66749857549407,0
"GIN",14600306902.7294,13066808.0909091,4.36816239333333,4,NA,1091.85942901823,41.2925591674554,16.3824016319734,6.95168608640864,0
"GMB",1819645721.72875,2459776.09090909,3.27731119,-1.4,NA,731.789147922754,22.8294750751972,14.7126723830315,6.58497725999271,0
"GNB",1613145380.33465,1968974.90909091,8.13214392111111,6,NA,811.448682953007,62.947592893368,14.4903013038813,6.68936723855189,0
"GNQ",13068589464.5574,1657254.18181818,2.89168972444444,-6,NA,8046.2431051974,227.38870839411,14.3161743151326,8.95744651802841,0
"GRC",215613847273.159,10654317.3636364,8.46918937888889,10,84.41,20261.9596290995,1642.72677857743,16.1813514734687,9.91094715734902,0
"GRD",1144472221.54882,115934.363636364,4.84973881111111,NA,84.3133333333333,9864.09921982441,459.983472104768,11.660744196283,9.19050207786613,0
"GRL",2981510704.08508,56399.7272727273,NA,NA,NA,52890.604878449,NA,10.9402067185924,10.8727407000403,0
"GTM",80511862085.0069,17070374.7272727,6.36207554111111,8,86.8666666666667,4680.90941187808,282.003077109914,16.651610044197,8.43908675827218,0
"GUM",6087666666.66667,164359.272727273,NA,NA,NA,37181.9309367296,NA,12.0097531204817,10.5218534968341,0
"GUY",8871379983.9256,795118,4.38490202777778,6.8,84.0166666666667,10956.7513798229,327.517380684254,13.5856371472143,9.10609693839803,0
"HIC",58785967470338.6,1387590227.54545,12.4121225407001,NA,NA,42317.2286614277,5059.7639235028,21.0507600411616,10.6474375507554,0
"HKG",349866802961.841,7410136.36363636,NA,NA,NA,47174.2608712465,NA,15.8182748692995,10.7583746346184,0
"HND",26264739298.3245,9941248.18181818,7.90036386888889,7,83.86,2621.66831480609,195.292416742916,16.1106325177952,7.8605864335523,0
"HPC",844967274864.281,825859136.272727,4.81805527802562,NA,NA,1015.99660576019,47.2702292426577,20.5281291626438,6.91957703055475,0
"HRV",65243898457.9336,3983143.27272727,6.98238844444444,9,76.93,16462.0645277449,1055.76290932612,15.1971372454583,9.68748941380535,0
"HTI",17390275740.5074,11089564.3636364,4.03589201,3,NA,1560.7534157066,59.2243057036916,16.2207208059819,7.34058198823764,0
"HUN",165548001987.593,9689092.45454546,6.821189358,10,79.51,17111.7739447741,1122.03606891323,16.0864747718791,9.72965547148378,0
"IBD",32442551773537,4826630731.27273,5.48632547731298,NA,NA,6702.80516425564,351.142399421515,22.2971500105772,8.80107343913193,0
"IBT",34931784889480.4,6579668645.72727,5.37025137617744,NA,NA,5288.76539910283,272.940670144593,22.6066396837796,8.56612152247173,0
"IDA",2487817195860.03,1753037914.45455,3.90355199985606,NA,NA,1416.31415504017,55.0200634781542,21.2822916452654,7.25485523021012,0
"IDB",1128311618843.23,615131424.727273,3.59870317761712,NA,NA,1839.6767426354,67.72619652927,20.235390612431,7.5146721272726,0
"IDN",1108424692516,271833945.181818,3.04238253111111,9,86.3633333333333,4062.81769812926,117.99936074748,19.4203006239337,8.30056190178064,0
"IDX",1361517156122.35,1137906489.72727,4.19282819012411,NA,NA,1188.30382017895,48.1870581151639,20.8499189974743,7.0754227286834,0
"IMN",7274746088.58673,83904.4545454545,NA,NA,NA,86756.6275162261,NA,11.3374298455268,11.3695157807494,0
"IND",2851538785456.34,1385349359.18182,3.27346139444444,9,74.1133333333333,2047.64252613538,62.5623535614494,21.0487199996911,7.60947136355444,0
"IRL",424658807979.009,4988669.72727273,7.15334468555556,10,72.0466666666667,84323.0381758509,5580.33522350579,15.4215891942527,11.3195246792578,0
"IRN",403054933075.601,86728150.6363636,6.69397242888889,-7,NA,4662.15642518459,318.653891385019,18.2776436960171,8.43187278895115,0
"IRQ",221512711853.965,41249981.8181818,4.25495719888889,6,85.02,5347.73908507038,218.316677827524,17.5325447633757,8.57335750654257,0
"ISL",24805481606.649,360842.636363636,8.772217752,NA,80.3166666666667,68219.8061303323,5872.49052883691,12.7939022793692,11.1204414272893,0
"ISR",414017191198.505,9069027.27272727,7.27285263111111,6,84.6266666666667,45268.7470294274,3175.89911954919,16.0184894737523,10.7097184801443,0
"ITA",2078517627116.32,59646428.6363636,8.898047351,10,88.5,34864.5653942915,3053.36515396934,17.9039068640554,10.4557089881972,0
"JAM",15768837109.1767,2822896,6.25484911777778,9,NA,5583.5332669563,332.038948293516,14.853259090419,8.61999260554494,0
"JOR",44364702548.0154,10535560.4545455,7.10634099111111,-3,84.77,4202.16322013089,293.18343712187,16.1671953804521,8.34238383868076,0
"JPN",4730033854312.83,126133509.363636,10.9249566388889,10,NA,37483.0597058898,4198.73671158922,18.652813820943,10.5286372411209,0
"KAZ",201348407199.638,19203751.9090909,3.27924230444444,-6,NA,10443.3926797655,320.158154992503,16.769564253212,9.23767543168351,0
"KEN",95016976192.9847,51213478.2727273,4.47432165555556,9,86.8533333333333,1840.67544851991,79.670604251541,17.7494839575369,7.50882370151718,0
"KGZ",9874393708.17015,6576328.36363636,5.73262522111111,7.4,NA,1479.73512378686,73.5482484438265,15.6969368710803,7.2658428969272,0
"KHM",33840923495.9863,16515109.8181818,4.83706511555556,-0.4,91.5,2034.07140822172,93.4238611273112,16.6188598270516,7.60134111470043,0
"KIR",240396542.721523,124444.727272727,10.1825589611111,NA,82.5533333333333,1922.3587887881,190.065647489686,11.7303823087376,7.55505465769479,0
"KNA",1000336363.63636,46927.6363636364,5.34133158777778,NA,82.35,21315.8766908019,1118.28583590012,10.7563577193837,9.96413827106172,0
"KOR",1629953220395.12,51493930.0909091,7.938386393,8,94.09,31658.3995861692,2529.39983961273,17.7569520760059,10.3608571417125,0
"KWT",141394800053.057,4327567.72727273,4.77467608444444,-7,84.3566666666667,32720.3966393902,1520.23068252563,15.2765990294923,10.3837103790938,0
"LAC",5000212960864.69,571439070.454545,7.89400142091629,NA,NA,8744.32564775305,662.233555513633,20.1633017961743,9.06945045262054,0
"LAO",16654119423.2514,7235544.81818182,2.36781250111111,-7,84.54,2301.75405992194,55.7557925056532,15.7934100052593,7.73645009939254,0
"LBN",40462213144.6661,5984165.81818182,7.28867350777778,6,82.1333333333333,6680.80399190601,532.988102949184,15.6035836909101,8.74478578941506,0
"LBR",3619493163.63636,5064057.45454545,10.9932531777778,6.2,NA,712.581547744859,75.5831866428762,15.4355626501945,6.56529637062549,0
"LBY",53286475447.6657,6929192.36363636,5.57974052444444,0,83.2033333333333,7736.39492666946,442.349271250798,15.7502733961803,8.92363837140209,0
"LCA",2024416161.61616,177299.181818182,4.86194833,NA,84.3466666666667,11408.9304945787,521.945345667084,12.0855444424594,9.33190575783522,0
"LCN",5966968210674.88,639204694.545455,7.9463706564318,NA,NA,9328.60594431151,711.117311896609,20.2754438200135,9.13434181586547,0
"LDC",1181689557824.42,1060393081.63636,3.96895371809524,NA,NA,1107.28039233682,42.7005686948011,20.7791624850072,7.00531830503535,0
"LIC",373490392156.869,546900534.636364,5.58338462780923,NA,NA,683.020402078022,37.634166082982,20.116039790415,6.52324034506029,0
"LIE",6875111850.21678,38622.9090909091,NA,NA,NA,178515.293180685,NA,10.5613059256722,12.0891477025883,0
"LKA",87559249306.9483,21644727.2727273,3.78806723333333,5.4,85.21,4047.26201449362,151.644793670489,16.8900462084759,8.30274033688904,0
"LMC",6307034166174.64,2925523692.36364,3.7798489362867,NA,NA,2146.33516161161,78.3144510346276,21.7958165045094,7.66579423633209,0
"LMY",31305838752608.7,6229639269.54545,5.27777770834501,NA,NA,5005.50802572415,253.923681872569,22.5519489946866,8.51124154677756,0
"LSO",2307198412.97354,2208864.90909091,11.7973484466667,8,NA,1046.60909499166,126.28958537881,14.6073040945613,6.94989889187371,0
"LTE",23837718510940.2,2298092652,5.69724130515291,NA,NA,10355.3278460066,563.006396473638,21.5552651590898,9.23326775853072,0
"LTU",59100110324.8636,2855331.18181818,6.905179548,10,80.1333333333333,20714.8728116688,1386.80652507585,14.8645882486083,9.9108072564298,0
"LUX",74490335708.8642,618177.909090909,5.402270652,10,79.3466666666667,120029.672904313,6408.39549362802,13.3326414934294,11.6916165131493,0
"LVA",34104387935.0919,1919845.27272727,6.67296621555556,8,80.09,17829.3170544913,1135.1938626169,14.4675180492622,9.77200133402203,0
"MAC",43906992018.5474,664309.090909091,NA,NA,NA,66425.0475596398,NA,13.4060403851846,11.0613362277155,0
"MAF",691444587.309784,33033.7272727273,NA,NA,NA,20446.7329225855,NA,10.3971666479861,9.92415605739056,0
"MAR",128099575381.392,36181297,5.25959364555556,-4,87.19,3533.59850934107,181.231529721486,17.4034816838656,8.16727780074703,0
"MCO",7495390954.78003,37927,4.03468357222222,NA,NA,197579.166957346,7655.99699318199,10.5431591971237,12.1848126441578,0
"MDA",12031311774.9231,2657295.09090909,7.41965341444444,9,75.7266666666667,4610.31192354738,295.592540197225,14.7912635834428,8.38320212676554,0
"MDG",13887103657.5242,28276058.6363636,4.15602427222222,6,NA,489.871810981973,19.9342247567109,17.1542613090927,6.19245023994353,0
"MDV",5171989719.91265,481851.545454545,9.15486055,NA,82.0066666666667,10664.2645914501,922.23896966948,13.0819545596311,9.26251395499072,0
"MEA",4141410941633.94,744653725.727273,5.30184809411733,NA,NA,5546.14979852012,285.996428744298,20.4269134335891,8.61690844522205,0
"MEX",1362889493056.67,125500523,5.53113842111111,8,83.2233333333333,10832.3368112365,559.897317884979,18.6474418291997,9.2792071652538,0
"MHL",230168894.929982,43877.3636363636,13.3105098944444,NA,NA,5351.00834297234,656.396460347376,10.6850777204374,8.56031576908148,0
"MIC",30930769830270.1,5682738734.90909,5.27433414738025,NA,NA,5423.59423560024,274.434159885616,22.4602251142401,8.59081026591493,0
"MKD",12858029453.8256,1867746.81818182,6.98342725888889,9,78.49,6908.69569842476,455.507057462401,14.4400189141248,8.82569707277018,0
"MLI",20518698428.5774,21140986.5454545,3.80203453777778,5,NA,965.0450095991,35.805019985495,16.8620363177176,6.86961669619163,0
"MLT",16710266054.6369,498088.454545455,9.30579471444444,NA,81.47,33107.9760557312,2926.08184762046,13.1147288272462,10.3945141814764,0
"MMR",67805230513.7401,52624416.7272727,4.94146765444444,4.6,86.81,1288.12728939083,63.1344784219483,17.7784298854521,7.15813150776955,0
"MNA",1905666206206.01,681429868.454545,5.21900849918061,NA,NA,2798.10442968832,145.397662214732,20.3382171537963,7.93478255279226,0
"MNE",5581133209.09937,625046.818181818,9.24538405777778,9,NA,8930.92538465661,757.634574006961,13.34557997928,9.0746692553537,0
"MNG",14868193769.4298,3259476.18181818,5.23543569777778,10,78.88,4520.79210287755,221.812209216031,14.9955432619925,8.39804168338833,0
"MNP",1098666666.66667,48330.5454545455,NA,NA,NA,22392.1910889931,NA,10.7844858096136,9.9950023064662,0
"MOZ",16609901617.8344,30014293.5454545,7.66000307888889,5,87.1433333333333,552.509032065723,40.6266419995603,17.2128234661536,6.30412864644946,0
"MRT",8162390658.82012,4483600.09090909,3.44314959444444,-2,87.27,1804.20440997738,60.154467355354,15.3115965521081,7.49243891164653,0
"MUS",13219554522.2387,1263609.45454545,5.76736482111111,10,82.37,10462.3703861912,587.932853284427,14.049481256262,9.25124512311451,0
"MWI",10554808094.1837,19069823.0909091,7.04432037111111,6,NA,551.311557217881,38.6716700273509,16.7601320196076,6.30777255810982,0
"MYS",356752465954.269,33270658.9090909,3.87884455333333,5.4,86.22,10698.0127388266,407.326037108018,17.3191075882746,9.27499696484957,0
"NAC",24076131848986.9,367379054.636364,16.4833696379296,NA,NA,65346.1230078799,10213.7902628938,19.721682976078,11.0775106633603,0
"NAM",12268001918.27,2662047.63636364,8.96049616111111,6,87.4066666666667,4634.05130467681,420.648435381596,14.790809234354,8.43634829218505,0
"NCL",9532579084.93224,285230,NA,NA,NA,33580.6361214314,NA,12.5609885470657,10.4197852379175,0
"NER",13471597752.3869,23012403.3636364,5.24627192888889,5.4,NA,579.527930091889,29.2477187127474,16.9458038390986,6.35638296381866,0
"NGA",422354910477.135,209357295.818182,3.56996395777778,6.4,NA,2047.64835893819,79.4432696202253,19.1570737313535,7.57982314028178,0
"NIC",14318473419.8162,6484450.72727273,8.49470509333333,7.2,NA,2199.7837823252,177.092297753019,15.6840740073252,7.68888344665609,0
"NLD",963346662089.289,17371810.8181818,10.4072832522222,10,80.19,55327.9265556546,5509.94942276728,16.6701462150661,10.9137661932271,0
"NOR",449555041770.111,5348538.72727273,9.96646118222222,10,83.53,83971.7069875439,8189.04096799985,15.4920397457686,11.3286221665106,0
"NPL",33035390862.0873,28678105.4545455,5.20531129888889,6.2,83.45,1146.67251374987,56.8767929631801,17.1712637609105,7.02698570270585,0
"NRU",128102189.670136,11473.5454545455,12.1403331755556,NA,86.78,11107.0536047922,1311.5611641898,9.34726631516713,9.29666991607797,0
"NZL",221138998164.814,4948681.81818182,9.50608878666667,10,88.6366666666667,44553.3112994756,4155.73263440619,15.4133327330019,10.7010534930644,0
"OED",55514194684760,1360877661.36364,12.6556052316522,NA,NA,40733.6202133559,4970.21528564929,21.0312615071799,10.6100476010092,0
"OMN",90262418725.6177,4580789,3.86361893,-8,83.8233333333333,19692.1788949685,740.798464682486,15.3346635148283,9.88264834756007,0
"OSS",158311904742.335,12276514.5454545,7.01876660381341,NA,NA,12840.6474828038,863.882711123418,16.3225563501431,9.45179488314096,0
"PAK",330547016390.813,231786548.181818,2.76261509777778,7,86.88,1424.79303653733,39.4263132295504,19.2599875557313,7.25950441730417,0
"PAN",67153623045.4545,4217842.18181818,7.96282063666667,9,NA,15852.1945278625,1208.62496393537,15.2537357849673,9.66403282437749,0
"PER",224947550227.664,32240437.0909091,5.44053040666667,9,84.7166666666667,6956.14724995882,364.170392187311,17.2878619020998,8.84272478476749,0
"PHL",366687952468.857,110371538.636364,4.50371666,8,93.3233333333333,3310.75105439058,147.696697749259,18.5187537440993,8.09943578082959,0
"PLW",270857660,17769.2727272727,11.8675270077778,NA,79.16,15235.7830928786,1786.19320668248,9.78522361857185,9.62868257645851,0
"PNG",25660194385.5253,9582599.09090909,2.39292709,5,NA,2666.00987645808,62.2899128984775,16.0731270284974,7.88386791393576,0
"POL",630813134101.543,37494945.5454545,6.511562253,10,78.89,16877.7709047519,1048.61995578321,17.4395973886623,9.71037734441916,0
"PRE",1402552797683.55,973672613.272727,4.14882792188219,NA,NA,1445.6747742597,60.5897493753954,20.69301258636,7.27146929786675,0
"PRI",107936884181.818,3343305.36363636,NA,NA,NA,32388.0408903668,NA,15.0217194891234,10.380764620025,0
"PRT",243586184875.422,10393457.1818182,9.842953681,10,84.2866666666667,23409.6181305185,2258.39573420962,16.1566124708634,10.0540090447017,0
"PRY",39521741267.3862,6507347.63636364,7.10615317,9,83.53,6072.97897164073,426.390271823854,15.6875699832302,8.71002151271607,0
"PSE",16115527272.7273,4704030.27272727,9.62415218444444,NA,NA,3431.90222276882,338.90366875873,15.3610732575742,8.13618711651826,0
"PSS",10209341467.0633,2567958.18181818,5.43006397707271,NA,NA,3972.13526691811,211.176201883997,14.7579242254207,8.28521944193694,0
"PST",52186338159060,1111746693.81818,13.1160496431685,NA,NA,46902.7295325327,5928.71220897841,20.8291568742855,10.7506349675325,0
"PYF",5890796960.87291,279515.545454545,NA,NA,NA,21091.2985326599,NA,12.5408003614588,9.95513199335955,0
"QAT",184667323159.341,2564442.81818182,3.09554685444444,-10,88.1033333333333,72349.9276000033,2139.34832466508,14.7544434861689,11.1756817231485,0
"ROU",257881921518.493,19402347.7272727,5.54634242666667,9,79.5966666666667,13339.9323287226,677.041950301814,16.7807831149707,9.46590476278993,0
"RUS",1771215411473.33,144693352.727273,6.00743394444444,4,84.46,12248.548166705,706.763418781241,18.7901177723372,9.39553827026167,0
"RWA",10715521542.132,12788480.5454545,6.95052152111111,-3,NA,830.818716212074,55.1540018105467,16.3614931494828,6.71428538702308,0
"SAS",3319710618289.23,1602113887.63636,3.22143842458945,NA,NA,2061.22368928048,62.1210242898125,21.1941085225084,7.61553429868655,0
"SAU",921124533333.333,31257492.3636364,5.70022853333333,-10,NA,29288.1280882459,1567.41183976095,17.2560905711056,10.2684310663628,0
"SDN",41142585505.282,45211997.5454545,4.73153609555556,-4,90.2366666666667,921.026968948311,46.0426772541662,17.6230400537515,6.79524854390739,0
"SEN",24266164370.2286,16342102,4.41907231111111,7,88.47,1472.64768348466,62.6727185666117,16.6056784653056,7.28896864630476,0
"SGP",398824443704.891,5663400.90909091,4.53031105444444,-2,76.62,70194.3152991045,3027.26355815114,15.5491016300322,11.1422866160413,0
"SLB",1524941775.77561,722634.545454545,4.55577111111111,8,83.7366666666667,2111.78191622274,95.9704397479441,13.4867595749488,7.6544921091229,0
"SLE",6743336188.04922,7742883.81818182,11.9758925966667,7,NA,874.553531107521,109.617627426416,15.8596503509922,6.76858411557616,0
"SLV",27559788181.8182,6238334.54545455,8.94938415888889,8,86.0933333333333,4412.81728212619,375.760021300156,15.6461906946816,8.38256068069175,0
"SMR",1621519203.4524,33843.3636363636,8.13803450333333,NA,NA,47932.9695083176,3887.50760144959,10.4292970440854,10.7740829376115,0
"SOM",8548768088.18192,16089778.7272727,2.47421421,5,NA,524.652078095092,12.4378866170725,16.5873462978706,6.25594292642857,0
"SRB",58592719089.2393,6894770.45454545,8.92256196444444,8,NA,8560.03073228022,683.62461619542,15.7459124895508,9.01770431018334,0
"SSA",1718405973180.44,1025127110.72727,5.03004321871869,NA,NA,1682.03079376833,85.8483624921088,20.7447939156476,7.42443001513736,0
"SSD",12980006803.8409,10908223.3636364,9.56440703,0,NA,1161.44084402899,NA,16.203932653807,7.05496103420466,0
"SSF",1814092402485.66,1141317050.54545,4.94708782570473,NA,NA,1593.69005278756,79.869261787372,20.8521310551655,7.37103927759131,0
"SST",234910564479.573,19267540.4545455,6.64980938789168,NA,NA,12150.5589917973,771.37913852174,16.7734188247914,9.3975432977382,0
"STP",449434005.553347,214854.909090909,7.06212780222222,NA,NA,2058.60470663207,129.419286440626,12.2761276796427,7.58819821032984,0
"SUR",3933539293.1681,605495,6.10192066,5,81.5066666666667,6518.67261021974,394.163980837946,13.3133217139717,8.7617834969759,0
"SVK",109956594779.438,5436366.63636364,7.07716348444444,10,71.68,20227.0935367899,1355.13547763562,15.5086186130817,9.90441515143344,0
"SVN",55340184697.9767,2089870.81818182,8.835755539,10,79.9933333333333,26437.8374340724,2281.67854025436,14.5525489459242,10.1709154825006,0
"SWE",561004585892.166,10208428.6363636,10.898311043,10,84.5966666666667,54933.9874198331,5957.69222823655,16.1383194639798,10.912253359746,0
"SWZ",4435308499.61707,1184289.45454545,7.27974526,-7,NA,3741.96230890323,271.43913415071,13.9842176706664,8.22518102679346,0
"SXM",1428780500.11108,40209.2727272727,NA,NA,NA,35530.5155152899,NA,10.6004884894352,10.474727537974,0
"SYC",1723596426.10056,102582.727272727,4.73992670888889,NA,82.7466666666667,16739.3630977402,773.76564183942,11.5329043693686,9.72096087380903,0
"SYR",18103467548.4084,21041452.9090909,3.93663742888889,-9,87.4566666666667,875.879363412462,34.6059451169088,16.8585789654744,6.75035846837932,0
"TCA",1227068181.81818,42074.2727272727,NA,NA,NA,28908.6819775749,NA,10.6427638531685,10.2577780929147,0
"TCD",16243502375.7631,16867447.4545455,3.73822270333333,-1,NA,965.050609395922,35.5895177254273,16.6347937337228,6.86601909664199,0
"TEA",17653160535736.7,2076815823.72727,4.95646377642111,NA,NA,8477.68725015603,402.145091688336,21.4539764700691,9.02932107176219,0
"TEC",4493288934768.46,458986617,5.70824506566882,NA,NA,9787.35331572307,523.725610849219,19.94449995761,9.17407562526965,0
"TGO",7421670107.13184,8475484.54545454,6.01121425555556,-2,NA,870.014965021291,50.2276846801482,15.9497600470658,6.76375121713605,0
"THA",479428014194.076,71286375.5454545,4.20593185,-3,77.7666666666667,6721.33041910646,278.975738289409,18.0821905919146,8.80827592849615,0
"TJK",9292064402.95125,9521584.90909091,7.36071104333333,-3,NA,969.532745609973,66.5045316799035,16.0664380964768,6.86314380863306,0
"TKM",47189463842.3315,6795337,5.35835796,-8,NA,6892.41881006418,350.336596342797,15.7295097037506,8.82794529406789,0
"TLA",5707621567897.15,623709428.636364,7.89211138197414,NA,NA,9145.69223042152,693.05624917602,20.2508804780259,9.11434422694069,0
"TLS",2073544067.51957,1297669.45454545,8.55792845666667,8,89.34,1584.77316887839,149.836761122923,14.0745534439248,7.33324992274801,0
"TMN",1889550678933.28,676725838.181818,5.17998200607046,NA,NA,2793.71175661578,144.053789944537,20.331298005881,7.93317804953074,0
"TON",478524022.833216,105438.909090909,5.90026622444444,NA,85.7866666666667,4534.00225315907,268.427404005556,11.5658689122705,8.41656757632712,0
"TSA",3319710618289.23,1602113887.63636,3.22143842458945,NA,NA,2061.22368928048,62.1210242898125,21.1941085225084,7.61553429868655,0
"TSS",1814092402485.66,1141317050.54545,4.94708782570473,NA,NA,1593.69005278756,79.869261787372,20.8521310551655,7.37103927759131,0
"TTO",25169243776.6799,1360422.45454545,6.41943878777778,9,82.2133333333333,18505.3647189942,1168.88186255059,14.1232899150414,9.82125640649133,0
"TUN",45753373826.3576,11828715.6363636,6.44996298555556,7,81.5833333333333,3869.35697000113,245.599128528337,16.2856778548579,8.25797869276127,0
"TUR",905520703048.51,82030382.1818182,4.25194790666667,-1.2,81.3466666666667,11027.3171488173,436.969028034229,18.2220055667102,9.29486837311222,0
"TUV",49790633.0455725,10465.9090909091,18.6277021844444,NA,87.1,4757.96016154443,865.663093615035,9.25487356196644,8.44476736541219,0
"TZA",62619726741.4702,59286746.0909091,3.74389709333333,2.2,82.2366666666667,1047.7137946322,37.9810274892534,17.8931659264157,6.95020701977553,0
"UGA",38122222775.1362,43074680.6363636,4.69596905222222,-1,85.6966666666667,877.98995393509,39.6935082639573,17.5732304429092,6.77184977777244,0
"UKR",145917384895.03,43508817.3636364,7.54363542875,4,76.78,3411.43346482975,224.661016971616,17.5859888271406,8.08825316011783,0
"UMC",24624137856318.6,2757215042.54545,5.65988246011908,NA,NA,8911.00371553805,481.151925980869,21.7373235141341,9.08546436024579,0
"URY",64825083979.0879,3385914.27272727,8.74705992666667,10,82.2966666666667,19144.7558721519,1591.15001051851,15.0351275077777,9.85223926657089,0
"USA",22224039818181.8,329582041.272727,16.9235816544444,8,72.2933333333333,67255.925007551,10761.5836550481,19.6131693317093,11.1054257288481,0
"UZB",81850829553.3022,33108860.5454545,5.66077449666667,-9,NA,2466.61297425085,131.718427705438,17.3136017042878,7.79621988450245,0
"VCT",907498989.89899,104177.454545455,4.44607914666667,NA,85.8133333333333,8736.89666973211,367.313127196505,11.553624212049,9.0650386607284,0
"VEN",482359318767.703,29318736.4545455,3.47427931,1.2,88.72,15943.6127197163,NA,17.1931316070866,9.67681357156478,0
"VIR",4030222222.22222,106448,NA,NA,NA,37746.540138494,NA,11.5753559189839,10.5340717751749,0
"VNM",335673889794.847,96829622.0909091,4.74687083333333,-7,86.3566666666667,3445.9005104948,151.804833207679,18.3879873263832,8.12476494461047,0
"VUT",934457356.318218,292739.727272727,3.74228943777778,NA,87.4866666666667,3178.47001045644,116.034076875027,12.5843506771143,8.06202989111241,0
"WLD",90517638897174.9,7762635590.63636,9.91405945088398,NA,NA,11627.5267577049,1113.11629997409,22.7720795540114,9.3562645016287,0
"WSM",881180362.634871,209432.818181818,5.88875103,NA,87.03,4204.65312353886,241.511737775039,12.2517562740947,8.34201785295319,0
"XKX",8283132453.32132,1755449.45454545,NA,NA,NA,4762.27092275091,NA,14.3771500008851,8.44424627306115,0
"YEM",33087858075.3696,35204921.9090909,5.33693038222222,0,86.3233333333333,1042.55012231154,49.4350795672171,17.3724097480704,6.90310627702107,0
"ZAF",379479570395.699,59734267.1818182,8.30756574111111,9,NA,6355.4330657979,531.429915731451,17.9044090988896,8.75451900310976,0
"ZMB",24376920452.0287,18544765.0909091,5.24835883222222,6.4,89.2166666666667,1321.86741041664,68.3182655738377,16.7314199536189,7.17602407342727,0
"ZWE",30661055486.0569,15335756.0909091,5.16424517888889,4,86.65,1988.8852852633,96.245595389361,16.5444374025947,7.55467922089423,0
